{"_timestamp":1.736078548438609e+09,"_runtime":3362.385488,"_step":1024,"_wandb":{"runtime":3362},"loss":0.020930953323841095}