{"loss":0.2806277871131897,"_timestamp":1.736075206589122e+09,"_runtime":155.646278,"_step":28,"_wandb":{"runtime":155}}